status_code,error_message
406,The uploaded file is neither a video nor an audio file.
406,The uploaded file is neither a video nor an audio file.
406,The uploaded file is neither a video nor an audio file.
406,The uploaded file is neither a video nor an audio file.
406,First download ffmpeg ra kuyya.
406,First download ffmpeg ra kuyya.
406,First download ffmpeg ra kuyya.
406,First download ffmpeg ra kuyya.
406,First download ffmpeg ra kuyya.
406,First download ffmpeg ra kuyya.
406,First download ffmpeg ra kuyya.
406,First download ffmpeg ra kuyya.
